insert into app_role (role_id, name, description)
values (1, 'USER', 'Usuario estánda'),
       (2, 'ADMIN', 'Administrador del sistema'),
       (3, 'MANAGER', 'Gestor de proyecto');

insert into app_user (email, password, first_name, last_name)
values ('admin@issues.net', '$2a$12$g/HgDqQLHywLlUGCMq5toeb5vT7Z/AKKpD2BDl8fgcFJSrFl28nxq', 'José Luis',
        'López álvarez'),
       ('user@issues.net', '$2a$12$eFsBsB1GZUwJ1BiuSE4BMOLuWO6Th5nJ7t4UM7pG5XjytKVT.cfl.', 'Elena', 'Martínez Piedra'),
       ('user2@issues.net', '$2a$12$eFsBsB1GZUwJ1BiuSE4BMOLuWO6Th5nJ7t4UM7pG5XjytKVT.cfl.', 'Carlos', 'Gómez Pérez'),
       ('manager@issues.net', '$2a$12$4AMoQ/02hppbSo.r6oFK9eOugyVWDg8.5uO5jlqygIcv13imybSlG', 'Manuel',
        'Lucas del Mar'),
       ('manager2@issues.net', '$2a$12$4AMoQ/02hppbSo.r6oFK9eOugyVWDg8.5uO5jlqygIcv13imybSlG', 'Laura', 'Sánchez Ruiz');

insert into app_user_roles (user_id, role_id)
values (1, 2), -- admin@issues.net → ADMIN
       (2, 1), -- user@issues.net → USER
       (3, 1), -- user2@issues.net → USER
       (4, 3), -- manager@issues.net → MANAGER
       (5, 3); -- manager2@issues.net → MANAGER


insert into project (project_id, name, description)
values (1, 'Gestión de Incidencias', 'Sistema para registrar y gestionar incidencias de clientes'),
       (2, 'Portal de Clientes', 'Desarrollo del portal web para clientes con área privada'),
       (3, 'Aplicación Móvil', 'App móvil para Android e iOS para seguimiento de tareas'),
       (4, 'Integración ERP', 'Integración con el sistema ERP corporativo'),
       (5, 'Analítica de Datos', 'Proyecto de análisis y visualización de datos empresariales');

insert into issue (assignee_id, reporter_id, project_id, title, description, status, created_at, updated_at)
values (2, 1, 1, 'Error login', 'Usuarios reciben error 500 al iniciar sesión.', 'OPEN', current_timestamp,
        current_timestamp),
       (3, 2, 1, 'Página de perfil lenta', 'Optimizar carga de perfil y foto de usuario.', 'IN_PROGRESS',
        current_timestamp, current_timestamp),
       (NULL, 3, 1, 'Notificaciones no llegan', 'Algunos emails de notificación no se envían.', 'OPEN',
        current_timestamp, current_timestamp),
       (1, 1, 1, 'Errores en el dashboard', 'Widgets del dashboard muestran datos desactualizados.', 'RESOLVED',
        current_timestamp, current_timestamp),
       (2, 2, 1, 'Filtros de búsqueda fallan', 'Filtros no aplican correctamente en búsqueda de incidencias.', 'CLOSED',
        current_timestamp, current_timestamp),

       (3, 1, 2, 'Bug registro clientes', 'Campo teléfono permite caracteres inválidos.', 'OPEN', current_timestamp,
        current_timestamp),
       (NULL, 2, 2, 'Imagen de perfil no carga', 'Al subir imagen, la app devuelve error.', 'OPEN', current_timestamp,
        current_timestamp),
       (1, 3, 2, 'Error al generar PDF', 'El PDF de facturas no se genera correctamente.', 'IN_PROGRESS',
        current_timestamp, current_timestamp),
       (2, 1, 2, 'Página de login se cuelga', 'Después de 5 intentos fallidos, la página no responde.', 'OPEN',
        current_timestamp, current_timestamp),
       (3, 2, 2, 'Botón de ayuda no funciona', 'El botón de ayuda no abre el modal correspondiente.', 'RESOLVED',
        current_timestamp, current_timestamp),

       (NULL, 1, 3, 'Crash app Android', 'La app móvil se cierra al abrir notificaciones.', 'OPEN', current_timestamp,
        current_timestamp),
       (1, 2, 3, 'Error iOS al abrir perfil', 'Al abrir perfil en iPhone, se queda cargando indefinidamente.',
        'IN_PROGRESS', current_timestamp, current_timestamp),
       (2, 3, 3, 'Notificaciones push duplicadas', 'Usuarios reciben varias notificaciones por el mismo evento.',
        'OPEN', current_timestamp, current_timestamp),
       (3, 1, 3, 'Problema en sincronización', 'Los datos de tareas no se sincronizan entre app y web.', 'CLOSED',
        current_timestamp, current_timestamp),
       (NULL, 2, 3, 'Crash al abrir chat', 'Al abrir chat dentro de la app, se cierra.', 'OPEN', current_timestamp,
        current_timestamp),

       (1, 3, 4, 'ERP no actualiza pedidos', 'Al sincronizar pedidos con ERP, algunos registros se duplican.',
        'IN_PROGRESS', current_timestamp, current_timestamp),
       (2, 1, 4, 'Informe contable incorrecto', 'Al generar informe, los totales no coinciden.', 'RESOLVED',
        current_timestamp, current_timestamp),
       (NULL, 2, 4, 'Error permisos de usuario', 'Usuarios normales pueden acceder a opciones de admin.', 'OPEN',
        current_timestamp, current_timestamp),
       (3, 3, 4, 'Dashboard lento', 'Carga del dashboard de ERP tarda más de 10s.', 'IN_PROGRESS', current_timestamp,
        current_timestamp),
       (1, 1, 4, 'Exportación CSV falla', 'Al exportar pedidos, el CSV no se descarga correctamente.', 'OPEN',
        current_timestamp, current_timestamp),

       (2, 2, 5, 'Informe ventas incompleto', 'No muestra todas las transacciones.', 'RESOLVED', current_timestamp,
        current_timestamp),
       (NULL, 3, 5, 'Error gráficos', 'Gráficos de ventas muestran datos incorrectos.', 'OPEN', current_timestamp,
        current_timestamp),
       (3, 1, 5, 'Reporte de clientes vacío', 'Al generar reporte de clientes, aparece en blanco.', 'OPEN',
        current_timestamp, current_timestamp),
       (1, 2, 5, 'Problema filtros dashboard', 'Filtros de fecha no funcionan correctamente.', 'IN_PROGRESS',
        current_timestamp, current_timestamp),
       (2, 3, 5, 'Datos duplicados en exportación', 'Exportación de datos contiene registros duplicados.', 'CLOSED',
        current_timestamp, current_timestamp),
       (NULL, 1, 1, 'Error en paginación',
        'Los resultados de búsqueda no se muestran correctamente al pasar de la página 5 en adelante.', 'OPEN',
        current_timestamp, current_timestamp),
       (3, 2, 1, 'Campo obligatorio no validado', 'El formulario permite enviar sin completar campos obligatorios.',
        'IN_PROGRESS', current_timestamp, current_timestamp),
       (2, 3, 1, 'Iconos faltantes en menú', 'Al cargar el menú principal, algunos iconos no se muestran.', 'OPEN',
        current_timestamp, current_timestamp),
       (1, 1, 1, 'Error en exportación PDF', 'Al exportar reportes, algunos textos aparecen cortados.', 'RESOLVED',
        current_timestamp, current_timestamp),
       (NULL, 2, 1, 'Problema de compatibilidad navegador', 'La web no funciona correctamente en Safari.', 'OPEN',
        current_timestamp, current_timestamp),

       (3, 3, 2, 'Validación de email incorrecta', 'Se permiten emails sin dominio válido al registrar clientes.',
        'OPEN', current_timestamp, current_timestamp),
       (1, 1, 2, 'Carga de imagen lenta', 'Subir imágenes tarda demasiado y a veces falla.', 'IN_PROGRESS',
        current_timestamp, current_timestamp),
       (2, 2, 2, 'Error al resetear contraseña', 'El enlace de recuperación de contraseña devuelve error 404.', 'OPEN',
        current_timestamp, current_timestamp),
       (NULL, 3, 2, 'Problema con roles de usuario',
        'Usuarios con rol MANAGER no pueden asignar incidencias correctamente.', 'OPEN', current_timestamp,
        current_timestamp),
       (3, 1, 2, 'Texto truncado en la app', 'Mensajes largos en la app móvil se cortan en la pantalla.', 'RESOLVED',
        current_timestamp, current_timestamp),

       (1, 2, 3, 'Notificaciones repetidas', 'Usuarios reciben varias veces la misma notificación push.', 'CLOSED',
        current_timestamp, current_timestamp),
       (2, 3, 3, 'Crash al cambiar idioma', 'Cambiar idioma en la app provoca cierre inesperado.', 'OPEN',
        current_timestamp, current_timestamp),
       (NULL, 1, 3, 'Errores al sincronizar tareas', 'Las tareas creadas en web no aparecen en la app móvil.', 'OPEN',
        current_timestamp, current_timestamp),
       (3, 2, 3, 'Problema al filtrar eventos', 'Filtros de fechas no funcionan en la sección de eventos.',
        'IN_PROGRESS', current_timestamp, current_timestamp),
       (1, 3, 3, 'App lenta en inicio', 'La aplicación tarda más de 15 segundos en arrancar.', 'OPEN',
        current_timestamp, current_timestamp),

       (2, 1, 4, 'Errores al actualizar clientes', 'Actualización de datos de clientes no se refleja en ERP.',
        'RESOLVED', current_timestamp, current_timestamp),
       (NULL, 2, 4, 'Problema de permisos en ERP', 'Usuarios estándar pueden editar campos restringidos.', 'OPEN',
        current_timestamp, current_timestamp),
       (3, 3, 4, 'Exportación Excel fallida', 'Al exportar datos a Excel, el archivo se corrompe.', 'IN_PROGRESS',
        current_timestamp, current_timestamp),
       (1, 1, 4, 'Errores de log', 'Algunos logs del sistema muestran entradas duplicadas.', 'CLOSED',
        current_timestamp, current_timestamp),
       (2, 2, 4, 'Dashboard con datos desactualizados', 'Widgets muestran información de hace 24h en lugar de actual.',
        'OPEN', current_timestamp, current_timestamp),

       (NULL, 3, 5, 'Gráficos inconsistentes', 'Los gráficos muestran valores distintos a los reportes numéricos.',
        'OPEN', current_timestamp, current_timestamp),
       (3, 1, 5, 'Reporte ventas filtra mal', 'Al filtrar por mes, algunos registros no aparecen.', 'IN_PROGRESS',
        current_timestamp, current_timestamp),
       (1, 2, 5, 'Problema al exportar CSV', 'Exportación de ventas no incluye todos los campos.', 'OPEN',
        current_timestamp, current_timestamp),
       (2, 3, 5, 'Alertas de stock no funcionan', 'No se envían alertas cuando el stock baja de 10 unidades.',
        'RESOLVED', current_timestamp, current_timestamp),
       (NULL, 1, 5, 'Errores en notificaciones de clientes',
        'Algunos clientes no reciben notificaciones de eventos importantes.', 'OPEN', current_timestamp,
        current_timestamp);

insert into comment (author_id, issue_id, content, created_at, updated_at)
values (1, 1, 'He revisado el error de login, parece un problema de validación en backend.', current_timestamp,
        current_timestamp),
       (2, 1, 'Confirmo que el error ocurre al usar credenciales inválidas.', current_timestamp, current_timestamp),
       (3, 2, 'Estoy optimizando la carga del perfil, debería mejorar pronto.', current_timestamp, current_timestamp),
       (1, 3, 'Notificaciones fallan en algunos dominios de correo.', current_timestamp, current_timestamp),
       (2, 4, 'Widgets del dashboard corregidos y testeados.', current_timestamp, current_timestamp),
       (3, 5, 'Filtros de búsqueda ahora aplican correctamente.', current_timestamp, current_timestamp),
       (1, 6, 'Campo teléfono validado correctamente.', current_timestamp, current_timestamp),
       (2, 7, 'Imagen de perfil cargada sin errores en pruebas locales.', current_timestamp, current_timestamp),
       (3, 8, 'PDF generado correctamente con todas las facturas.', current_timestamp, current_timestamp),
       (1, 9, 'Página de login testeada en Chrome y Firefox.', current_timestamp, current_timestamp),
       (2, 10, 'Modal de ayuda ahora abre como esperado.', current_timestamp, current_timestamp),
       (3, 11, 'Notificaciones duplicadas corregidas en la app.', current_timestamp, current_timestamp),
       (1, 12, 'Crash solucionado en iOS 16.', current_timestamp, current_timestamp),
       (2, 13, 'Push notifications filtradas correctamente.', current_timestamp, current_timestamp),
       (3, 14, 'Tareas sincronizadas entre app y web.', current_timestamp, current_timestamp),
       (1, 15, 'Filtrado de eventos funcionando correctamente.', current_timestamp, current_timestamp),
       (2, 16, 'Inicio de app optimizado, carga <5s.', current_timestamp, current_timestamp),
       (3, 17, 'Pedidos duplicados en ERP eliminados.', current_timestamp, current_timestamp),
       (1, 18, 'Informe contable revisado y corregido.', current_timestamp, current_timestamp),
       (2, 19, 'Permisos revisados y corregidos en ERP.', current_timestamp, current_timestamp),
       (3, 20, 'Dashboard optimizado, datos actualizados.', current_timestamp, current_timestamp),
       (1, 21, 'Exportación CSV ahora incluye todos los campos.', current_timestamp, current_timestamp),
       (2, 22, 'Gráficos corregidos para el mes de febrero.', current_timestamp, current_timestamp),
       (3, 23, 'Reporte de clientes actualizado.', current_timestamp, current_timestamp),
       (1, 24, 'Filtros de dashboard funcionando correctamente.', current_timestamp, current_timestamp),
       (2, 25, 'Datos duplicados eliminados en exportación.', current_timestamp, current_timestamp),
       (3, 26, 'Paginación ahora muestra todas las páginas.', current_timestamp, current_timestamp),
       (1, 27, 'Validación de campos obligatorios agregada.', current_timestamp, current_timestamp),
       (2, 28, 'Iconos del menú cargan correctamente.', current_timestamp, current_timestamp),
       (3, 29, 'PDF de reportes corregido.', current_timestamp, current_timestamp),
       (1, 30, 'Compatibilidad Safari probada.', current_timestamp, current_timestamp),
       (2, 31, 'Validación de emails implementada.', current_timestamp, current_timestamp),
       (3, 32, 'Carga de imágenes optimizada.', current_timestamp, current_timestamp),
       (1, 33, 'Enlace de recuperación de contraseña corregido.', current_timestamp, current_timestamp),
       (2, 34, 'Roles de usuario revisados y corregidos.', current_timestamp, current_timestamp),
       (3, 35, 'Mensajes largos ahora se muestran completos.', current_timestamp, current_timestamp),
       (1, 36, 'Notificaciones repetidas eliminadas.', current_timestamp, current_timestamp),
       (2, 37, 'Crash iOS resuelto.', current_timestamp, current_timestamp),
       (3, 38, 'Sincronización de tareas verificada.', current_timestamp, current_timestamp),
       (1, 39, 'Filtros de eventos funcionando.', current_timestamp, current_timestamp),
       (2, 40, 'Inicio de app optimizado.', current_timestamp, current_timestamp),
       (3, 41, 'Clientes actualizados correctamente en ERP.', current_timestamp, current_timestamp),
       (1, 42, 'Permisos revisados.', current_timestamp, current_timestamp),
       (2, 43, 'Exportación a Excel funcionando.', current_timestamp, current_timestamp),
       (3, 44, 'Logs duplicados eliminados.', current_timestamp, current_timestamp),
       (1, 45, 'Dashboard actualizado con datos recientes.', current_timestamp, current_timestamp),
       (2, 46, 'Gráficos consistentes con reportes.', current_timestamp, current_timestamp),
       (3, 47, 'Filtro por mes corregido.', current_timestamp, current_timestamp),
       (1, 48, 'Exportación CSV completa.', current_timestamp, current_timestamp),
       (2, 49, 'Alertas de stock funcionando correctamente.', current_timestamp, current_timestamp),
       (3, 50, 'Corrección de notificaciones de clientes finalizada.', current_timestamp, current_timestamp);

insert into project_member (project_id, user_id)
values
-- ADMIN en todos los proyectos
(1, 1),
(2, 1),
(3, 1),
(4, 1),
(5, 1),

-- USERS
(1, 2),
(2, 2),
(4, 2),
(3, 3),
(5, 3),

-- MANAGERS
(2, 4),
(3, 4),
(5, 4),
(1, 5),
(4, 5);

-- Continuación de la inserción en la tabla ISSUE (Incidencias 51 a 100)

insert into issue (assignee_id, reporter_id, project_id, title, description, status, created_at, updated_at)
values
    -- Proyecto 1: Gestión de Incidencias (IDs 51-60)
    (1, 2, 1, 'Error en el borrado lógico', 'Los registros marcados como borrados siguen apareciendo.', 'OPEN', current_timestamp, current_timestamp),
    (2, 3, 1, 'Refactorización de controladores', 'Limpieza de código en el módulo de autenticación.', 'IN_PROGRESS', current_timestamp, current_timestamp),
    (NULL, 1, 1, 'Timeout en reportes largos', 'La conexión se cierra al generar reportes de más de 1 año.', 'OPEN', current_timestamp, current_timestamp),
    (3, 2, 1, 'Ajuste de estilos CSS', 'El botón de "Enviar" se desalinea en pantallas pequeñas.', 'RESOLVED', current_timestamp, current_timestamp),
    (1, 3, 1, 'Vulnerabilidad XSS detectada', 'Sanitizar inputs en el campo de comentarios.', 'CLOSED', current_timestamp, current_timestamp),
    (2, 1, 1, 'Traducciones incompletas', 'Faltan textos en inglés en la configuración.', 'OPEN', current_timestamp, current_timestamp),
    (3, 2, 1, 'Mejora en logs de auditoría', 'Incluir IP del usuario en los logs de acceso.', 'IN_PROGRESS', current_timestamp, current_timestamp),
    (NULL, 3, 1, 'Fallo en carga masiva', 'El CSV de usuarios falla si tiene más de 500 filas.', 'OPEN', current_timestamp, current_timestamp),
    (1, 2, 1, 'Error de concurrencia', 'Dos usuarios editando el mismo perfil causan error.', 'RESOLVED', current_timestamp, current_timestamp),
    (2, 1, 1, 'Actualizar dependencias', 'Subir versión de la librería de seguridad.', 'CLOSED', current_timestamp, current_timestamp),

    -- Proyecto 2: Portal de Clientes (IDs 61-70)
    (3, 2, 2, 'Chatbot no responde', 'El widget de chat se queda en blanco al cargar.', 'OPEN', current_timestamp, current_timestamp),
    (NULL, 1, 2, 'Logo corporativo pixelado', 'Cambiar el logo de la cabecera por versión SVG.', 'OPEN', current_timestamp, current_timestamp),
    (1, 3, 2, 'Integración con Stripe falla', 'Los pagos con tarjeta 3D Secure dan error.', 'IN_PROGRESS', current_timestamp, current_timestamp),
    (2, 2, 2, 'Email de bienvenida no enviado', 'Nuevos registros no reciben el correo automático.', 'RESOLVED', current_timestamp, current_timestamp),
    (3, 1, 2, 'Error en histórico de pedidos', 'No se muestran pedidos anteriores a 2024.', 'OPEN', current_timestamp, current_timestamp),
    (NULL, 2, 2, 'Sesión expira muy pronto', 'Aumentar el tiempo de vida del token JWT.', 'OPEN', current_timestamp, current_timestamp),
    (1, 3, 2, 'SEO: Meta etiquetas faltantes', 'Añadir meta-tags en la página de productos.', 'IN_PROGRESS', current_timestamp, current_timestamp),
    (2, 1, 2, 'Redirección incorrecta post-login', 'Envía a /home en lugar de a /dashboard.', 'RESOLVED', current_timestamp, current_timestamp),
    (3, 2, 2, 'Fallo en carga de avatares', 'Las imágenes de Gravatar no se visualizan.', 'OPEN', current_timestamp, current_timestamp),
    (1, 3, 2, 'Limpieza de base de datos', 'Eliminar tokens de recuperación caducados.', 'CLOSED', current_timestamp, current_timestamp),

    -- Proyecto 3: Aplicación Móvil (IDs 71-80)
    (2, 1, 3, 'Consumo excesivo de batería', 'La app consume un 20% en segundo plano.', 'IN_PROGRESS', current_timestamp, current_timestamp),
    (3, 2, 3, 'Gesto de "Swipe" no detectado', 'No funciona el swipe para eliminar tareas en iOS.', 'OPEN', current_timestamp, current_timestamp),
    (NULL, 3, 3, 'Pantalla blanca al inicio', 'Error aleatorio en el splash screen.', 'OPEN', current_timestamp, current_timestamp),
    (1, 1, 3, 'Modo oscuro defectuoso', 'Textos negros sobre fondo negro en configuración.', 'RESOLVED', current_timestamp, current_timestamp),
    (2, 2, 3, 'Error de geolocalización', 'La app no detecta la ciudad correctamente.', 'OPEN', current_timestamp, current_timestamp),
    (3, 3, 3, 'Biometría no funciona', 'FaceID no se activa en el login.', 'IN_PROGRESS', current_timestamp, current_timestamp),
    (NULL, 1, 3, 'Sonido de notificación molesto', 'Cambiar el tono por defecto por uno más suave.', 'OPEN', current_timestamp, current_timestamp),
    (1, 2, 3, 'Cierre inesperado en galería', 'Crash al intentar adjuntar foto desde la cámara.', 'CLOSED', current_timestamp, current_timestamp),
    (2, 3, 3, 'Texto fuera de contenedor', 'En pantallas pequeñas el título se solapa.', 'RESOLVED', current_timestamp, current_timestamp),
    (3, 1, 3, 'Actualización forzosa', 'Implementar aviso de nueva versión disponible.', 'IN_PROGRESS', current_timestamp, current_timestamp),

    -- Proyecto 4: Integración ERP (IDs 81-90)
    (1, 2, 4, 'Mapeo de campos incorrecto', 'El campo "Ciudad" llega vacío al ERP.', 'IN_PROGRESS', current_timestamp, current_timestamp),
    (2, 3, 4, 'Lentitud en la API', 'Endpoint de stock tarda más de 3 segundos.', 'OPEN', current_timestamp, current_timestamp),
    (NULL, 1, 4, 'Error de codificación UTF-8', 'Nombres con tildes se ven mal en el ERP.', 'OPEN', current_timestamp, current_timestamp),
    (3, 2, 4, 'Sincronización de precios', 'Precios con descuento no se aplican en destino.', 'RESOLVED', current_timestamp, current_timestamp),
    (1, 3, 4, 'Fallo en conexión SFTP', 'No se pueden subir las facturas diarias.', 'OPEN', current_timestamp, current_timestamp),
    (2, 1, 4, 'Validación de NIF/CIF', 'El sistema acepta formatos de DNI inválidos.', 'IN_PROGRESS', current_timestamp, current_timestamp),
    (3, 2, 4, 'Duplicidad en proveedores', 'Se crean fichas nuevas en lugar de actualizar.', 'CLOSED', current_timestamp, current_timestamp),
    (NULL, 3, 4, 'Alerta de stock negativo', 'El ERP permite procesar pedidos sin existencias.', 'OPEN', current_timestamp, current_timestamp),
    (1, 1, 4, 'Refactor de colas RabbitMQ', 'Optimizar el procesamiento de mensajes.', 'RESOLVED', current_timestamp, current_timestamp),
    (2, 2, 4, 'Log de errores saturado', 'Demasiados warnings por conexiones cerradas.', 'CLOSED', current_timestamp, current_timestamp),

    -- Proyecto 5: Analítica de Datos (IDs 91-100)
    (3, 1, 5, 'Predicción de ventas errónea', 'El modelo muestra valores negativos.', 'IN_PROGRESS', current_timestamp, current_timestamp),
    (1, 2, 5, 'Exportar a PDF falla', 'El gráfico de tarta sale cortado en el PDF.', 'OPEN', current_timestamp, current_timestamp),
    (2, 3, 5, 'Colores de leyenda confusos', 'Usar paleta accesible para daltónicos.', 'RESOLVED', current_timestamp, current_timestamp),
    (NULL, 1, 5, 'Faltan datos de Q1', 'El dashboard no muestra enero y febrero.', 'OPEN', current_timestamp, current_timestamp),
    (3, 2, 5, 'Carga lenta de BigQuery', 'Optimizar la query de agregación mensual.', 'IN_PROGRESS', current_timestamp, current_timestamp),
    (1, 3, 5, 'Tooltip desaparece rápido', 'El usuario no llega a leer el dato del gráfico.', 'OPEN', current_timestamp, current_timestamp),
    (2, 1, 5, 'Error en cálculo de KPI', 'El margen de beneficio no incluye impuestos.', 'RESOLVED', current_timestamp, current_timestamp),
    (3, 2, 5, 'Mapa de calor vacío', 'No se cargan datos geográficos de ventas.', 'OPEN', current_timestamp, current_timestamp),
    (NULL, 3, 5, 'Permisos en Dashboards', 'Usuarios de ventas ven dashboards de RRHH.', 'OPEN', current_timestamp, current_timestamp),
    (1, 1, 5, 'Migración a Tableau', 'Preparar extracción de datos para nueva plataforma.', 'CLOSED', current_timestamp, current_timestamp);