insert into app_role (role_id, name, description)
values (1, 'USER', 'Usuario estánda'),
       (2, 'ADMIN', 'Administrador del sistema'),
       (3, 'MANAGER', 'Gestor de proyecto');

insert into app_user (email, password, first_name, last_name)
values ('admin@issues.net', '$2a$12$g/HgDqQLHywLlUGCMq5toeb5vT7Z/AKKpD2BDl8fgcFJSrFl28nxq', 'José Luis',
        'López álvarez'),
       ('user@issues.net', '$2a$12$eFsBsB1GZUwJ1BiuSE4BMOLuWO6Th5nJ7t4UM7pG5XjytKVT.cfl.', 'Elena', 'Martínez Piedra'),
       ('user2@issues.net', '$2a$12$eFsBsB1GZUwJ1BiuSE4BMOLuWO6Th5nJ7t4UM7pG5XjytKVT.cfl.', 'Carlos', 'Gómez Pérez'),
       ('manager@issues.net', '$2a$12$4AMoQ/02hppbSo.r6oFK9eOugyVWDg8.5uO5jlqygIcv13imybSlG', 'Manuel',
        'Lucas del Mar'),
       ('manager2@issues.net', '$2a$12$4AMoQ/02hppbSo.r6oFK9eOugyVWDg8.5uO5jlqygIcv13imybSlG', 'Laura', 'Sánchez Ruiz');

insert into app_user_roles (user_id, role_id)
values (1, 2), -- admin@issues.net → ADMIN
       (2, 1), -- user@issues.net → USER
       (3, 1), -- user2@issues.net → USER
       (4, 3), -- manager@issues.net → MANAGER
       (5, 3); -- manager2@issues.net → MANAGER


insert into project (project_id, name, description)
values (1, 'Gestión de Incidencias', 'Sistema para registrar y gestionar incidencias de clientes'),
       (2, 'Portal de Clientes', 'Desarrollo del portal web para clientes con área privada'),
       (3, 'Aplicación Móvil', 'App móvil para Android e iOS para seguimiento de tareas'),
       (4, 'Integración ERP', 'Integración con el sistema ERP corporativo'),
       (5, 'Analítica de Datos', 'Proyecto de análisis y visualización de datos empresariales');

insert into issue (assignee_id, reporter_id, project_id, title, description, status, created_at, updated_at)
values (2, 1, 1, 'Error login', 'Usuarios reciben error 500 al iniciar sesión.', 'OPEN', current_timestamp,
        current_timestamp),
       (3, 2, 1, 'Página de perfil lenta', 'Optimizar carga de perfil y foto de usuario.', 'IN_PROGRESS',
        current_timestamp, current_timestamp),
       (NULL, 3, 1, 'Notificaciones no llegan', 'Algunos emails de notificación no se envían.', 'OPEN',
        current_timestamp, current_timestamp),
       (1, 1, 1, 'Errores en el dashboard', 'Widgets del dashboard muestran datos desactualizados.', 'RESOLVED',
        current_timestamp, current_timestamp),
       (2, 2, 1, 'Filtros de búsqueda fallan', 'Filtros no aplican correctamente en búsqueda de incidencias.', 'CLOSED',
        current_timestamp, current_timestamp),

       (3, 1, 2, 'Bug registro clientes', 'Campo teléfono permite caracteres inválidos.', 'OPEN', current_timestamp,
        current_timestamp),
       (NULL, 2, 2, 'Imagen de perfil no carga', 'Al subir imagen, la app devuelve error.', 'OPEN', current_timestamp,
        current_timestamp),
       (1, 3, 2, 'Error al generar PDF', 'El PDF de facturas no se genera correctamente.', 'IN_PROGRESS',
        current_timestamp, current_timestamp),
       (2, 1, 2, 'Página de login se cuelga', 'Después de 5 intentos fallidos, la página no responde.', 'OPEN',
        current_timestamp, current_timestamp),
       (3, 2, 2, 'Botón de ayuda no funciona', 'El botón de ayuda no abre el modal correspondiente.', 'RESOLVED',
        current_timestamp, current_timestamp),

       (NULL, 1, 3, 'Crash app Android', 'La app móvil se cierra al abrir notificaciones.', 'OPEN', current_timestamp,
        current_timestamp),
       (1, 2, 3, 'Error iOS al abrir perfil', 'Al abrir perfil en iPhone, se queda cargando indefinidamente.',
        'IN_PROGRESS', current_timestamp, current_timestamp),
       (2, 3, 3, 'Notificaciones push duplicadas', 'Usuarios reciben varias notificaciones por el mismo evento.',
        'OPEN', current_timestamp, current_timestamp),
       (3, 1, 3, 'Problema en sincronización', 'Los datos de tareas no se sincronizan entre app y web.', 'CLOSED',
        current_timestamp, current_timestamp),
       (NULL, 2, 3, 'Crash al abrir chat', 'Al abrir chat dentro de la app, se cierra.', 'OPEN', current_timestamp,
        current_timestamp),

       (1, 3, 4, 'ERP no actualiza pedidos', 'Al sincronizar pedidos con ERP, algunos registros se duplican.',
        'IN_PROGRESS', current_timestamp, current_timestamp),
       (2, 1, 4, 'Informe contable incorrecto', 'Al generar informe, los totales no coinciden.', 'RESOLVED',
        current_timestamp, current_timestamp),
       (NULL, 2, 4, 'Error permisos de usuario', 'Usuarios normales pueden acceder a opciones de admin.', 'OPEN',
        current_timestamp, current_timestamp),
       (3, 3, 4, 'Dashboard lento', 'Carga del dashboard de ERP tarda más de 10s.', 'IN_PROGRESS', current_timestamp,
        current_timestamp),
       (1, 1, 4, 'Exportación CSV falla', 'Al exportar pedidos, el CSV no se descarga correctamente.', 'OPEN',
        current_timestamp, current_timestamp),

       (2, 2, 5, 'Informe ventas incompleto', 'No muestra todas las transacciones.', 'RESOLVED', current_timestamp,
        current_timestamp),
       (NULL, 3, 5, 'Error gráficos', 'Gráficos de ventas muestran datos incorrectos.', 'OPEN', current_timestamp,
        current_timestamp),
       (3, 1, 5, 'Reporte de clientes vacío', 'Al generar reporte de clientes, aparece en blanco.', 'OPEN',
        current_timestamp, current_timestamp),
       (1, 2, 5, 'Problema filtros dashboard', 'Filtros de fecha no funcionan correctamente.', 'IN_PROGRESS',
        current_timestamp, current_timestamp),
       (2, 3, 5, 'Datos duplicados en exportación', 'Exportación de datos contiene registros duplicados.', 'CLOSED',
        current_timestamp, current_timestamp),
       (NULL, 1, 1, 'Error en paginación',
        'Los resultados de búsqueda no se muestran correctamente al pasar de la página 5 en adelante.', 'OPEN',
        current_timestamp, current_timestamp),
       (3, 2, 1, 'Campo obligatorio no validado', 'El formulario permite enviar sin completar campos obligatorios.',
        'IN_PROGRESS', current_timestamp, current_timestamp),
       (2, 3, 1, 'Iconos faltantes en menú', 'Al cargar el menú principal, algunos iconos no se muestran.', 'OPEN',
        current_timestamp, current_timestamp),
       (1, 1, 1, 'Error en exportación PDF', 'Al exportar reportes, algunos textos aparecen cortados.', 'RESOLVED',
        current_timestamp, current_timestamp),
       (NULL, 2, 1, 'Problema de compatibilidad navegador', 'La web no funciona correctamente en Safari.', 'OPEN',
        current_timestamp, current_timestamp),

       (3, 3, 2, 'Validación de email incorrecta', 'Se permiten emails sin dominio válido al registrar clientes.',
        'OPEN', current_timestamp, current_timestamp),
       (1, 1, 2, 'Carga de imagen lenta', 'Subir imágenes tarda demasiado y a veces falla.', 'IN_PROGRESS',
        current_timestamp, current_timestamp),
       (2, 2, 2, 'Error al resetear contraseña', 'El enlace de recuperación de contraseña devuelve error 404.', 'OPEN',
        current_timestamp, current_timestamp),
       (NULL, 3, 2, 'Problema con roles de usuario',
        'Usuarios con rol MANAGER no pueden asignar incidencias correctamente.', 'OPEN', current_timestamp,
        current_timestamp),
       (3, 1, 2, 'Texto truncado en la app', 'Mensajes largos en la app móvil se cortan en la pantalla.', 'RESOLVED',
        current_timestamp, current_timestamp),

       (1, 2, 3, 'Notificaciones repetidas', 'Usuarios reciben varias veces la misma notificación push.', 'CLOSED',
        current_timestamp, current_timestamp),
       (2, 3, 3, 'Crash al cambiar idioma', 'Cambiar idioma en la app provoca cierre inesperado.', 'OPEN',
        current_timestamp, current_timestamp),
       (NULL, 1, 3, 'Errores al sincronizar tareas', 'Las tareas creadas en web no aparecen en la app móvil.', 'OPEN',
        current_timestamp, current_timestamp),
       (3, 2, 3, 'Problema al filtrar eventos', 'Filtros de fechas no funcionan en la sección de eventos.',
        'IN_PROGRESS', current_timestamp, current_timestamp),
       (1, 3, 3, 'App lenta en inicio', 'La aplicación tarda más de 15 segundos en arrancar.', 'OPEN',
        current_timestamp, current_timestamp),

       (2, 1, 4, 'Errores al actualizar clientes', 'Actualización de datos de clientes no se refleja en ERP.',
        'RESOLVED', current_timestamp, current_timestamp),
       (NULL, 2, 4, 'Problema de permisos en ERP', 'Usuarios estándar pueden editar campos restringidos.', 'OPEN',
        current_timestamp, current_timestamp),
       (3, 3, 4, 'Exportación Excel fallida', 'Al exportar datos a Excel, el archivo se corrompe.', 'IN_PROGRESS',
        current_timestamp, current_timestamp),
       (1, 1, 4, 'Errores de log', 'Algunos logs del sistema muestran entradas duplicadas.', 'CLOSED',
        current_timestamp, current_timestamp),
       (2, 2, 4, 'Dashboard con datos desactualizados', 'Widgets muestran información de hace 24h en lugar de actual.',
        'OPEN', current_timestamp, current_timestamp),

       (NULL, 3, 5, 'Gráficos inconsistentes', 'Los gráficos muestran valores distintos a los reportes numéricos.',
        'OPEN', current_timestamp, current_timestamp),
       (3, 1, 5, 'Reporte ventas filtra mal', 'Al filtrar por mes, algunos registros no aparecen.', 'IN_PROGRESS',
        current_timestamp, current_timestamp),
       (1, 2, 5, 'Problema al exportar CSV', 'Exportación de ventas no incluye todos los campos.', 'OPEN',
        current_timestamp, current_timestamp),
       (2, 3, 5, 'Alertas de stock no funcionan', 'No se envían alertas cuando el stock baja de 10 unidades.',
        'RESOLVED', current_timestamp, current_timestamp),
       (NULL, 1, 5, 'Errores en notificaciones de clientes',
        'Algunos clientes no reciben notificaciones de eventos importantes.', 'OPEN', current_timestamp,
        current_timestamp);

insert into comment (author_id, issue_id, content, created_at, updated_at)
values (1, 1, 'He revisado el error de login, parece un problema de validación en backend.', current_timestamp,
        current_timestamp),
       (2, 1, 'Confirmo que el error ocurre al usar credenciales inválidas.', current_timestamp, current_timestamp),
       (3, 2, 'Estoy optimizando la carga del perfil, debería mejorar pronto.', current_timestamp, current_timestamp),
       (1, 3, 'Notificaciones fallan en algunos dominios de correo.', current_timestamp, current_timestamp),
       (2, 4, 'Widgets del dashboard corregidos y testeados.', current_timestamp, current_timestamp),
       (3, 5, 'Filtros de búsqueda ahora aplican correctamente.', current_timestamp, current_timestamp),
       (1, 6, 'Campo teléfono validado correctamente.', current_timestamp, current_timestamp),
       (2, 7, 'Imagen de perfil cargada sin errores en pruebas locales.', current_timestamp, current_timestamp),
       (3, 8, 'PDF generado correctamente con todas las facturas.', current_timestamp, current_timestamp),
       (1, 9, 'Página de login testeada en Chrome y Firefox.', current_timestamp, current_timestamp),
       (2, 10, 'Modal de ayuda ahora abre como esperado.', current_timestamp, current_timestamp),
       (3, 11, 'Notificaciones duplicadas corregidas en la app.', current_timestamp, current_timestamp),
       (1, 12, 'Crash solucionado en iOS 16.', current_timestamp, current_timestamp),
       (2, 13, 'Push notifications filtradas correctamente.', current_timestamp, current_timestamp),
       (3, 14, 'Tareas sincronizadas entre app y web.', current_timestamp, current_timestamp),
       (1, 15, 'Filtrado de eventos funcionando correctamente.', current_timestamp, current_timestamp),
       (2, 16, 'Inicio de app optimizado, carga <5s.', current_timestamp, current_timestamp),
       (3, 17, 'Pedidos duplicados en ERP eliminados.', current_timestamp, current_timestamp),
       (1, 18, 'Informe contable revisado y corregido.', current_timestamp, current_timestamp),
       (2, 19, 'Permisos revisados y corregidos en ERP.', current_timestamp, current_timestamp),
       (3, 20, 'Dashboard optimizado, datos actualizados.', current_timestamp, current_timestamp),
       (1, 21, 'Exportación CSV ahora incluye todos los campos.', current_timestamp, current_timestamp),
       (2, 22, 'Gráficos corregidos para el mes de febrero.', current_timestamp, current_timestamp),
       (3, 23, 'Reporte de clientes actualizado.', current_timestamp, current_timestamp),
       (1, 24, 'Filtros de dashboard funcionando correctamente.', current_timestamp, current_timestamp),
       (2, 25, 'Datos duplicados eliminados en exportación.', current_timestamp, current_timestamp),
       (3, 26, 'Paginación ahora muestra todas las páginas.', current_timestamp, current_timestamp),
       (1, 27, 'Validación de campos obligatorios agregada.', current_timestamp, current_timestamp),
       (2, 28, 'Iconos del menú cargan correctamente.', current_timestamp, current_timestamp),
       (3, 29, 'PDF de reportes corregido.', current_timestamp, current_timestamp),
       (1, 30, 'Compatibilidad Safari probada.', current_timestamp, current_timestamp),
       (2, 31, 'Validación de emails implementada.', current_timestamp, current_timestamp),
       (3, 32, 'Carga de imágenes optimizada.', current_timestamp, current_timestamp),
       (1, 33, 'Enlace de recuperación de contraseña corregido.', current_timestamp, current_timestamp),
       (2, 34, 'Roles de usuario revisados y corregidos.', current_timestamp, current_timestamp),
       (3, 35, 'Mensajes largos ahora se muestran completos.', current_timestamp, current_timestamp),
       (1, 36, 'Notificaciones repetidas eliminadas.', current_timestamp, current_timestamp),
       (2, 37, 'Crash iOS resuelto.', current_timestamp, current_timestamp),
       (3, 38, 'Sincronización de tareas verificada.', current_timestamp, current_timestamp),
       (1, 39, 'Filtros de eventos funcionando.', current_timestamp, current_timestamp),
       (2, 40, 'Inicio de app optimizado.', current_timestamp, current_timestamp),
       (3, 41, 'Clientes actualizados correctamente en ERP.', current_timestamp, current_timestamp),
       (1, 42, 'Permisos revisados.', current_timestamp, current_timestamp),
       (2, 43, 'Exportación a Excel funcionando.', current_timestamp, current_timestamp),
       (3, 44, 'Logs duplicados eliminados.', current_timestamp, current_timestamp),
       (1, 45, 'Dashboard actualizado con datos recientes.', current_timestamp, current_timestamp),
       (2, 46, 'Gráficos consistentes con reportes.', current_timestamp, current_timestamp),
       (3, 47, 'Filtro por mes corregido.', current_timestamp, current_timestamp),
       (1, 48, 'Exportación CSV completa.', current_timestamp, current_timestamp),
       (2, 49, 'Alertas de stock funcionando correctamente.', current_timestamp, current_timestamp),
       (3, 50, 'Corrección de notificaciones de clientes finalizada.', current_timestamp, current_timestamp);

insert into project_member (project_id, user_id)
values
-- ADMIN en todos los proyectos
(1, 1),
(2, 1),
(3, 1),
(4, 1),
(5, 1),

-- USERS
(1, 2),
(2, 2),
(4, 2),
(3, 3),
(5, 3),

-- MANAGERS
(2, 4),
(3, 4),
(5, 4),
(1, 5),
(4, 5);